{
  "main": {
    "id": "42f8fa0c239bb5b0",
    "type": "split",
    "children": [
      {
        "id": "671cabc35575d64c",
        "type": "tabs",
        "children": [
          {
            "id": "dac4f75a1f37ef7e",
            "type": "leaf",
            "state": {
              "type": "markdown",
              "state": {
                "file": "Metodos de la Pila.md",
                "mode": "source",
                "source": false
              }
            }
          },
          {
            "id": "62476484f1dfed5b",
            "type": "leaf",
            "state": {
              "type": "markdown",
              "state": {
                "file": "Listas Circulares.md",
                "mode": "source",
                "source": false
              }
            }
          },
          {
            "id": "3d205ebb212e5f02",
            "type": "leaf",
            "state": {
              "type": "markdown",
              "state": {
                "file": "Cola.md",
                "mode": "source",
                "source": false
              }
            }
          }
        ],
        "currentTab": 2
      }
    ],
    "direction": "vertical"
  },
  "left": {
    "id": "e45acebb7049b459",
    "type": "split",
    "children": [
      {
        "id": "a7ab48608b94c501",
        "type": "tabs",
        "children": [
          {
            "id": "920a2b45c8026826",
            "type": "leaf",
            "state": {
              "type": "file-explorer",
              "state": {
                "sortOrder": "alphabetical"
              }
            }
          },
          {
            "id": "a781b3beb3c5ebd9",
            "type": "leaf",
            "state": {
              "type": "search",
              "state": {
                "query": "",
                "matchingCase": false,
                "explainSearch": false,
                "collapseAll": false,
                "extraContext": false,
                "sortOrder": "alphabetical"
              }
            }
          },
          {
            "id": "be84ee2f4637e87f",
            "type": "leaf",
            "state": {
              "type": "starred",
              "state": {}
            }
          }
        ]
      }
    ],
    "direction": "horizontal",
    "width": 300
  },
  "right": {
    "id": "73694f45abd88b7c",
    "type": "split",
    "children": [
      {
        "id": "c2c5f9f363b9318f",
        "type": "tabs",
        "children": [
          {
            "id": "05db258ef3c7b92e",
            "type": "leaf",
            "state": {
              "type": "backlink",
              "state": {
                "file": "Cola.md",
                "collapseAll": false,
                "extraContext": false,
                "sortOrder": "alphabetical",
                "showSearch": false,
                "searchQuery": "",
                "backlinkCollapsed": false,
                "unlinkedCollapsed": true
              }
            }
          },
          {
            "id": "3bb288e5607c9d0d",
            "type": "leaf",
            "state": {
              "type": "outgoing-link",
              "state": {
                "file": "Cola.md",
                "linksCollapsed": false,
                "unlinkedCollapsed": true
              }
            }
          },
          {
            "id": "535503d6c83cc14f",
            "type": "leaf",
            "state": {
              "type": "tag",
              "state": {
                "sortOrder": "frequency",
                "useHierarchy": true
              }
            }
          },
          {
            "id": "0c3f19f9febda5ac",
            "type": "leaf",
            "state": {
              "type": "outline",
              "state": {
                "file": "Cola.md"
              }
            }
          }
        ]
      }
    ],
    "direction": "horizontal",
    "width": 300,
    "collapsed": true
  },
  "active": "3d205ebb212e5f02",
  "lastOpenFiles": [
    "Pila.md",
    "Cola.md",
    "Estructura Arboles.md",
    "Metodos de la Pila.md",
    "Listas Circulares.md",
    "Untitled.md"
  ]
}